{
 "actions": [],
 "allow_rename": 1,
 "creation": "2022-07-23 15:06:07.819645",
 "doctype": "DocType",
 "editable_grid": 1,
 "engine": "InnoDB",
 "field_order": [
  "pos_profile",
  "rate"
 ],
 "fields": [
  {
   "fieldname": "pos_profile",
   "fieldtype": "Link",
   "in_list_view": 1,
   "label": "POS Profile",
   "options": "POS Profile",
   "reqd": 1
  },
  {
   "fieldname": "rate",
   "fieldtype": "Currency",
   "in_list_view": 1,
   "label": "Rate",
   "options": "currency"
  }
 ],
 "index_web_pages_for_search": 1,
 "istable": 1,
 "links": [],
 "modified": "2022-07-24 16:29:28.981655",
 "modified_by": "Administrator",
 "module": "shoperprime",
 "name": "Delivery Charges POS Profile",
 "owner": "Administrator",
 "permissions": [],
 "sort_field": "modified",
 "sort_order": "DESC"
}